Français,Japonais,Romaji,Kana,Origine,Leçons,Type,Theme,Image,Sound
toi,あなた,anata,HIRAGANA,,1,pronom,,https://drive.google.com/open?id=0B4zoyKhJnnjuVXFWSGRQcGFKUGc,https://drive.google.com/open?id=0B4zoyKhJnnjuSUJuVk9nNFNsdlk
moi,わたし,watashi,HIRAGANA,,1,pronom,,https://drive.google.com/open?id=0B4zoyKhJnnjuVXFWSGRQcGFKUGc,https://drive.google.com/open?id=0B4zoyKhJnnjuZmVjcGJpRGxhRzg
nous,わたしたち,watashitachi,HIRAGANA,,1,pronom,,https://drive.google.com/open?id=0B4zoyKhJnnjuVXFWSGRQcGFKUGc,https://drive.google.com/open?id=0B4zoyKhJnnjua0NNU0tiTUV5QVE
vous,あなたたち,anatatachi,HIRAGANA,,1,pronom,,https://drive.google.com/open?id=0B4zoyKhJnnjuVXFWSGRQcGFKUGc,https://drive.google.com/open?id=0B4zoyKhJnnjueVhxUGtQNm1XQjA
lui,かれ,kare,HIRAGANA,,2,pronom,,https://drive.google.com/open?id=0B4zoyKhJnnjuVXFWSGRQcGFKUGc,https://drive.google.com/open?id=0B4zoyKhJnnjudDZRSFdlMEgydjg
eux,かれら,karera,HIRAGANA,,2,pronom,,https://drive.google.com/open?id=0B4zoyKhJnnjuVXFWSGRQcGFKUGc,https://drive.google.com/open?id=0B4zoyKhJnnjuV0xqWlV4WWIxUzg
elle,かのじょ,kanojo,HIRAGANA,,2,pronom,,https://drive.google.com/open?id=0B4zoyKhJnnjuVXFWSGRQcGFKUGc,https://drive.google.com/open?id=0B4zoyKhJnnjuaFQyWmZULVdPMkE
elles,かのじょたち,kanojotachi,HIRAGANA,,2,pronom,,https://drive.google.com/open?id=0B4zoyKhJnnjuVXFWSGRQcGFKUGc,https://drive.google.com/open?id=0B4zoyKhJnnjuVm1FeU9UZjZCTkU
livre,ほん,hon,HIRAGANA,,2,nom,culture,https://drive.google.com/open?id=0B4zoyKhJnnjueXR6aEdqM3VqN2s,https://drive.google.com/open?id=0B4zoyKhJnnjuNWRvT1k5MnBjTVU
dictionnaire,じしょ,jisho,HIRAGANA,,2,nom,culture,https://drive.google.com/open?id=0B4zoyKhJnnjuaFVvX19fUlZqdXc,https://drive.google.com/open?id=0B4zoyKhJnnjuM1lrRVlBQnRObFU
peinture,え,e,HIRAGANA,,3,nom,culture,https://drive.google.com/open?id=0B4zoyKhJnnjuWXVnajZEaGtGX1E,https://drive.google.com/open?id=0B4zoyKhJnnjuUl8xbkpZLVNSLWc
sac,かばん,kaban,HIRAGANA,,3,nom,quotidien,https://drive.google.com/open?id=0B4zoyKhJnnjuZGw0RHZMcGkwYVU,https://drive.google.com/open?id=0B4zoyKhJnnjueGFESXdtaDBUNGM
journal,しんぶん,shinbun,HIRAGANA,,3,nom,mondialisation,https://drive.google.com/open?id=0B4zoyKhJnnjuckgxN2U1R3dIcm8,https://drive.google.com/open?id=0B4zoyKhJnnjuRGhyMHVrQzNKV28
japonais,にほん じん,nihon jin,HIRAGANA,,3,nom,pays,https://drive.google.com/open?id=0B4zoyKhJnnjuSS1CSENnbTEtUGs,https://drive.google.com/open?id=0B4zoyKhJnnjuMWh6OER6ak9vZTQ
cerisier,さくら,sakura,HIRAGANA,,3,nom,plante,https://drive.google.com/open?id=0B4zoyKhJnnjuVmJIdHlfZXR3U28,https://drive.google.com/open?id=0B4zoyKhJnnjubVpuZk03enpnb28
carte,ちず,chizu,HIRAGANA,,3,nom,géographie,https://drive.google.com/open?id=0B4zoyKhJnnjuZEIyWkhzSkZNVHc,https://drive.google.com/open?id=0B4zoyKhJnnjucm93S3pvbkQ3X28
géographie,ちり,chiri,HIRAGANA,,3,nom,géographie,https://drive.google.com/open?id=0B4zoyKhJnnjucG1oV1hIc0p3RTA,https://drive.google.com/open?id=0B4zoyKhJnnjuTDlwMkZkMzNQcTA
climat,きこう,kikô,HIRAGANA,,3,nom,nature,https://drive.google.com/open?id=0B4zoyKhJnnjuaE85dTNrOWRuS1k,https://drive.google.com/open?id=0B4zoyKhJnnjuRFVsdXZpWVJoVUU
volcan,かざん,kazan,HIRAGANA,,3,nom,nature,https://drive.google.com/open?id=0B4zoyKhJnnjuZ2dDdjhBWXdadUE,https://drive.google.com/open?id=0B4zoyKhJnnjucTg1eFk3LXl0cnc
tremblements de terre,じしん,jishin,HIRAGANA,,3,nom,nature,https://drive.google.com/open?id=0B4zoyKhJnnjuZDlnWkVnemNGQzA,https://drive.google.com/open?id=0B4zoyKhJnnjuZERnaVRlVkFhaXc
saison des pluies,つゆ,tsuyu,HIRAGANA,,3,nom,nature,https://drive.google.com/open?id=0B4zoyKhJnnjuTmQ4R1Z0RUozWGc,https://drive.google.com/open?id=0B4zoyKhJnnjuVXN2T3Z3UVFFSlE
typhons,たいふう,taifû,HIRAGANA,,3,nom,nature,https://drive.google.com/open?id=0B4zoyKhJnnjuX19YVnBtcjB4dGM,https://drive.google.com/open?id=0B4zoyKhJnnjuTWpTQ1NCMEEwU0U
chaussures,くつ,kutsu,HIRAGANA,,3,nom,vêtements,https://drive.google.com/open?id=0B4zoyKhJnnjueVVMbVdxenBUeWs,https://drive.google.com/open?id=0B4zoyKhJnnjuNFpKcDFNbEJ4Wms
chaussettes,くつした,kutsushita,HIRAGANA,,3,nom,vêtements,https://drive.google.com/open?id=0B4zoyKhJnnjuaEtXbVdudm5iTkE,https://drive.google.com/open?id=0B4zoyKhJnnjueUd5SGlrVlA0NTg
parapluie,かさ,kasa,HIRAGANA,,4,nom,,,
maison,"いえ,うち","ie,uchi",HIRAGANA,,4,nom,,,
bureau,つくえ,tsukue,HIRAGANA,,4,nom,,,
"chose, objet",もの,mono,HIRAGANA,,4,nom,,,
japon,にほん,nihon,HIRAGANA,,4,nom,,,
demain,あした,ashita,HIRAGANA,,4,,,,
matin,あさ,asa,HIRAGANA,,4,,,,
soir,よる,yoru,HIRAGANA,,4,,,,
ceci,これ,kore,HIRAGANA,,5,pronom,,,
cela,それ,sore,HIRAGANA,,5,pronom,,,
cela là-bas,あれ,are,HIRAGANA,,5,pronom,,,
poisson,さかな,sakana,HIRAGANA,,5,nom,,,
viande,にく,niku,HIRAGANA,,5,nom,,,
legume,やさい,yasai,HIRAGANA,,5,nom,,,
fruit,くだもの,kudamono,HIRAGANA,,5,nom,,,
montagne,やま,yama,HIRAGANA,,5,nom,,,
mer,うみ,umi,HIRAGANA,,5,nom,,,
rivière,かわ,kawa,HIRAGANA,,5,nom,,,
ce…-ci,この,kono,HIRAGANA,,6,pronom,,,
ce…-là,その,sono,HIRAGANA,,6,pronom,,,
gâteau,おかし,okashi,HIRAGANA,,6,nom,,,
thé,おちゃ,ocha,HIRAGANA,,6,nom,,,
jouet,おもちゃ,omocha,HIRAGANA,,6,nom,,,
lettre,てがみ,tegami,HIRAGANA,,6,nom,,,
ce…là-bas,あの,ano,HIRAGANA,,6,pronom,,,
chien,いぬ,inu,HIRAGANA,,6,nom,,,
chat,ねこ,neko,HIRAGANA,,6,nom,,,
oiseau,とり,tori,HIRAGANA,,6,nom,,,
cheval,うま,uma,HIRAGANA,,6,nom,,,
bœuf/vache,うし,ushi,HIRAGANA,,6,nom,,,
ami,ともだち,tomodachi,HIRAGANA,,6,nom,,,
entreprise,かいしゃ,kaisha,HIRAGANA,,6,nom,,,
collègue,どうりょう,dôryô,HIRAGANA,,6,nom,,,
non,いいえ,iie,HIRAGANA,,6,,,,
carte de vœux,ねんがじょう,nengajô,HIRAGANA,,6,nom,,,
rouge,あかい,akai,HIRAGANA,,7,adjectif,,,
bleu,あおい,aoi,HIRAGANA,,7,adjectif,,,
blanc,しろい,shiroi,HIRAGANA,,7,adjectif,,,
noir,くろい,kuroi,HIRAGANA,,7,adjectif,,,
rond,まるい,marui,HIRAGANA,,7,adjectif,,,
intéressant,おもしろい,omoshiroi,HIRAGANA,,7,adjectif,,,
vêtement,ふく,fuku,HIRAGANA,,7,nom,,,
chapeau,ぼうし,bôshi,HIRAGANA,,7,nom,,,
bon marché,やすい,yasui,HIRAGANA,,7,adjectif,,,
"cher, haut",たかい,takai,HIRAGANA,,7,adjectif,,,
bon,おいしい,oishii,HIRAGANA,,7,adjectif,,,
mauvais,まずい,mazui,HIRAGANA,,7,adjectif,,,
petit,ちいさい,chiisai,HIRAGANA,,7,adjectif,,,
pomme,りんご,ringo,HIRAGANA,,7,nom,,,
fraise,いちご,ichigo,HIRAGANA,,7,nom,,,
"de ce côté-ci, ici",こちら,kochira,HIRAGANA,,7,,,,
important,じゅうよう (な),jûyô (na),HIRAGANA,,8,adjectif,,,
célèbre,ゆうめい (な),yûmei (na),HIRAGANA,,8,adjectif,,,
simple,かんたん (な),kantan (na),HIRAGANA,,8,adjectif,,,
personne,ひと,hito,HIRAGANA,,8,nom,,,
travail,しごと,shigoto,HIRAGANA,,8,nom,,,
bâtiment,たてもの,tatemono,HIRAGANA,,8,nom,,,
calme,しずか (な),shizuka (na),HIRAGANA,,8,adjectif,,,
"beau,propre",きれい (な),kirei (na),HIRAGANA,,8,adjectif,,,
sérieux,まじめ (な),majime (na),HIRAGANA,,8,adjectif,,,
brave,yûかん (な),yûkan (na),HIRAGANA,,8,adjectif,,,
libre,じゆう (な),jiyû (na),HIRAGANA,,8,adjectif,,,
paisible,へいわ (な),heiwa (na),HIRAGANA,,8,adjectif,,,
ville,まち,machi,HIRAGANA,,8,nom,,,
pays,くに,kuni,HIRAGANA,,8,nom,,,
"endroit,lieu",ところ,tokoro,HIRAGANA,,8,nom,,,
"en bonne santé , en forme",げんき (な),genki (na),HIRAGANA,,8,,,,
merci,ありがとう,arigatô,HIRAGANA,,8,,,,
oui,はい,hai,HIRAGANA,,8,,,,
comment,いかが,ikaga,HIRAGANA,,8,,,,
épouse (interlocuteur),おくさん,okusan,HIRAGANA,,8,nom,,,
épouse (locuteur),かない,kanai,HIRAGANA,,8,nom,,,
"rapide, tôt",はやい,hayai,HIRAGANA,,9,adjectif,,,
"lent, tardif",おそい,osoi,HIRAGANA,,9,adjectif,,,
large,ひろい,hiroi,HIRAGANA,,9,adjectif,,,
étroit,せまい,semai,HIRAGANA,,9,adjectif,,,
"pratique, commode",べんり (な),benri (na),HIRAGANA,,9,adjectif,,,
incommode,ふべん (な),fuben (na),HIRAGANA,,9,adjectif,,,
moyen de transport,のりもの,norimono,HIRAGANA,,9,nom,,,
avion,ひこうき,hikôki,HIRAGANA,,9,nom,,,
train électrique,でんしゃ,densha,HIRAGANA,,9,nom,,,
"chemin, rue",みち,michi,HIRAGANA,,9,nom,,,
difficile,むずかしい,muzukashii,HIRAGANA,,9,adjectif,,,
facile,やさしい,yasashii,HIRAGANA,,9,adjectif,,,
sans interêt,つまらない,tsumaranai,HIRAGANA,,9,adjectif,,,
compliqué,ふくざつ (な),fukuzatsu (na),HIRAGANA,,9,adjectif,,,
ennuyeux,たいくつ (な),taikutsu (na),HIRAGANA,,9,adjectif,,,
dangereux,きけん (な),kiken (na),HIRAGANA,,9,adjectif,,,
banal,へいぼん (な),heibon (na),HIRAGANA,,9,adjectif,,,
problème,もんだい,mondai,HIRAGANA,,9,nom,,,
histoire (anecdote),はなし,hanashi,HIRAGANA,,9,nom,,,
maladie,びょうき,byôki,HIRAGANA,,9,nom,,,
cause,げにん,gen'in,HIRAGANA,,9,nom,,,
quel,なん,nan,HIRAGANA,,9,,,,
fatigue,つかれ,tsukare,HIRAGANA,,9,nom,,,
rhume,かぜ,kaze,HIRAGANA,,9,nom,,,
"ça va, pas de souci",だいjôぶ,daijôbu,HIRAGANA,,9,,,,
déjà,もう,mô,HIRAGANA,,9,,,,
"assez, pas mal",だいぶ,daibu,HIRAGANA,,9,,,,
"bon , bien",いい,ii,HIRAGANA,,9,,,,
maintenant,これ から,kore kara,HIRAGANA,,9,,,,
hôpital,びょういん,byôin,HIRAGANA,,9,nom,,,
"c'est ça, c'est juste",そう です,sô desu,HIRAGANA,,9,,,,
santé,けんこう,kenkô,HIRAGANA,,9,nom,,,
rendez-vous,よやく,yoyaku,HIRAGANA,,9,nom,,,
médicament,くすり,kusuri,HIRAGANA,,9,nom,,,
avoir mal à la tête,あたま が いたい,atama ga itai,HIRAGANA,,9,,,,
avoir mal à la gorge,のど が いたい,nodo ga itai,HIRAGANA,,9,,,,
avoir mal aux dents,は が いたい,ha ga itai,HIRAGANA,,9,,,,
avoir mal au ventre,おなか が いたい,onaka ga itai,HIRAGANA,,9,,,,
avoir mal aux pieds,あした が いたい,ashi ga itai,HIRAGANA,,9,,,,
avoir mal au coeur,きぶん が いたい,kibun ga itai,HIRAGANA,,9,,,,
avoir de la fièvre,ねつ が あります,netsu ga arimasu,HIRAGANA,,9,,,,
tousser,せき が でます,seki ga demasu,HIRAGANA,,9,,,,
aujourd'hui,きょうし,kyô,HIRAGANA,,10,,,,
appareil photo,カメラ,kamera,KATAKANA,Anglais : camera,11,nom,,,
lunettes,めがね,megane,HIRAGANA,,11,nom,,,
montre,うでどけい,udedokei,HIRAGANA,,11,nom,,,
être,です,desu,HIRAGANA,,11,,,,
"manteau,veste",コート,kôto,KATAKANA,Anglais : coat,11,nom,,,
cahier,ノート,nôto,KATAKANA,Anglais : note,11,nom,,,
obtention de travail,しゅうしょく,shûshoku,HIRAGANA,,11,nom,,,
félicitations,おめでとう,omedetô,HIRAGANA,,11,,,,
quand,いつ,itsu,HIRAGANA,,11,,,,
mois prochain,らいげつ,raigetsu,HIRAGANA,,11,nom,,,
d'abord,まず,mazu,HIRAGANA,,11,,,,
un mois,いっかげつ,ikkagetsu,HIRAGANA,,11,nom,,,
stage,けんしゅう,kenshû,HIRAGANA,,11,nom,,,
bientôt,もうすぐ,môsugu,HIRAGANA,,11,,,,
n'est ce pas,ね,ne,HIRAGANA,,11,,,,
un peu,ちょっと,chotto,HIRAGANA,,11,,,,
souci,しんぱい,shinpai,HIRAGANA,,11,nom,,,
profession,しょくぎょう,shokugyô,HIRAGANA,,11,nom,,,
employé de bureau,かいしゃいん,kaisha-in,HIRAGANA,,11,nom,,,
salarié,サラリーマン,sararîman,KATAKANA,Anglais : salaryman,11,nom,,,
fonctionnaire,こうむいん,kômu-in,HIRAGANA,,11,nom,,,
employé de banque,ぎんこういん,ginkô-in,HIRAGANA,,11,nom,,,
employé de gare,えきいん,eki-in,HIRAGANA,,11,nom,,,
postier,ゆうびんきょく-いん,yûbinkyoku-in,HIRAGANA,,11,nom,,,
vendeur,てん-いん,ten-in,HIRAGANA,,11,nom,,,
"boulanger, boulangerie",パンや,pan-ya,KATA-HIRA,Anglais : pan,11,nom,,,
"boucher, boucherie",にくや,niku-ya,HIRAGANA,,11,nom,,,
coiffeur,"とこや, びようし","tokoya, biyôshi",HIRAGANA,,11,nom,,,
infirmière,かんごふ,kangofu,HIRAGANA,,11,nom,,,
infirmier,かんごし,kangoshi,HIRAGANA,,11,nom,,,
enseignant,きょうし,kyôshi,HIRAGANA,,11,nom,,,
ingénieur,エンジニア,enjinia,KATAKANA,Anglais : engineer,11,nom,,,
secrétaire,ひしょ,hisho,HIRAGANA,,11,nom,,,
avocat,べんごし,bengoshi,HIRAGANA,,11,nom,,,
jupe,スカート,sukâto,KATAKANA,Anglais : skirt,12,nom,,,
pull-over,セーター,sêtâ,KATAKANA,Anglais : sweater,12,nom,,,
revue,ざっし,zasshi,HIRAGANA,,12,nom,,,
bicyclette,じてんしゃ,jitensha,HIRAGANA,,12,nom,,,
cravate,ネクタイ,nekutai,KATAKANA,Anglais : neck-tie,12,nom,,,
gant,てぶくろ,tebukuro,HIRAGANA,,12,nom,,,
photo,しゃしん,shashin,HIRAGANA,,12,nom,,,
parfum,こうすい,kôsui,HIRAGANA,,12,nom,,,
"alors, dans ce cas",じゃ,ja,HIRAGANA,,12,,,,
qui,だれ,dare,HIRAGANA,,12,,,,
sûrement,きっと,kitto,HIRAGANA,,12,,,,
il est possible que ...,かも しれません,kamo shiremasen,HIRAGANA,,12,,,,
client,きゃく,kyaku,HIRAGANA,,12,nom,,,
foulard,スカーフ,sukâfu,KATAKANA,Anglais : scarf,13,nom,,,
serviette de toilette,タオル,taoru,KATAKANA,Anglais : towel,13,nom,,,
jaune,きいろい,kiiroi,HIRAGANA,,13,adjectif,,,
cuillère,スプーン,supûn,KATAKANA,Anglais : spoon,13,nom,,,
couteau,ナイフ,naifu,KATAKANA,Anglais : knife,13,nom,,,
téléphone portable,けいたい,keitai,HIRAGANA,,13,nom,,,
aussi,も,mo,HIRAGANA,,13,,,,
ordinateur portable,ノート-パソコン,nôto-pasokon,KATAKANA,Anglais : personal computer,13,nom,,,
qui (politesse),どなた,donata,HIRAGANA,,13,,,,
avoir acheté,かいました,kaimashita,HIRAGANA,,13,,,,
"il y a , avant",まえ,mae,HIRAGANA,,13,,,,
"juste, pareil, ainsi",そう,sô,HIRAGANA,,13,,,,
nécessaire,ひつよう,hitsuyô (na),HIRAGANA,,13,adjectif,,,
"parce que, puisque",から,kara,HIRAGANA,,13,,,,
léger,かるい,karui,HIRAGANA,,13,adjectif,,,
le bonus,ボーナス,bônasu,KATAKANA,Anglais : bonus,13,nom,,,
appareils électroménagers,かでん-せいひん,kaden-seihin,HIRAGANA,,13,nom,,,
machine à laver,せんたくき,sentakuki,HIRAGANA,,13,nom,,,
refrigérateur,れいぞうこ,reizôko,HIRAGANA,,13,nom,,,
four à micro-onde,でんし-れんじ,denshi-renji,HIRAGANA,,13,nom,,,
aspirateur,そうじき,sôjiki,HIRAGANA,,13,nom,,,
fer à repasser,アイロン,airon,KATAKANA,Anglais : iron,13,nom,,,
radiateur/chauffage,だんどうきぐ,dandô-kigu,HIRAGANA,,13,nom,,,
climatisateur,"クーラー, エアコン","kûrâ, eakon",KATAKANA,Anglais : air conditionner (air con),13,nom,,,
ventilateur électrique,せんぷうき,senpûki,HIRAGANA,,13,nom,,,
téléviseur couleur,カラーテレビ,karâ-terebi,KATAKANA,Anglais : color-television,13,nom,,,
magnétoscope,ビデオ デッキ,bideo-dekki,KATAKANA,Anglais : video-deck,13,nom,,,
"fax, télécopieur","フアクシミリ, フアックス","fakushimiri, fakkusu",KATAKANA,Anglais : fax,13,nom,,,
magnétophone à cassette,カセット レコーダー,kasetto-rekôdâ,KATAKANA,Anglais : cassette recorder,13,nom,,,
café,コーヒー,kôhî,KATAKANA,Anglais : coffee,14,nom,,,
bière,ビール,bîru,KATAKANA,Anglais : beer,14,nom,,,
vin,ワイン,wain,KATAKANA,Anglais : wine,14,nom,,,
boisson,のみもの,nomimono,HIRAGANA,,14,nom,,,
préféré,すき (な),suki (na),HIRAGANA,,14,adjectif,,,
"quoi, que , quel ?",なん,nan,HIRAGANA,,14,,,,
moto,オートバイ,ôtobai,KATAKANA,Anglais : autobike,14,nom,,,
"cache-col, cache-nez",マフラー,mafurâ,KATAKANA,Anglais : muffler,14,nom,,,
lequel,どれ,dore,HIRAGANA,,14,,,,
nourriture,たべもの,tabemono,HIRAGANA,,14,nom,,,
détesté,きらい,kirai,HIRAGANA,,14,adjectif,,,
"comment, que pensez-vous de ?",どう,dô,HIRAGANA,,14,,,,
adorer,だいすき です,dai-suki desu,HIRAGANA,,14,,,,
"le plus, le premier, numero 1",いちばん,ichiban,HIRAGANA,,14,,,,
ustensiles de table,しょっき,shokki,HIRAGANA,,14,nom,,,
baguettes,はし,hashi,HIRAGANA,,14,nom,,,
bol à riz,ちゃわん,chawan,HIRAGANA,,14,nom,,,
bol à soupe,おわん,owan,HIRAGANA,,14,nom,,,
assiette,さら,sara,HIRAGANA,,14,nom,,,
verre,コップ,koppu,KATAKANA,Anglais : cup,14,nom,,,
tasse à café,コーヒー カップ,kôhî-kappu,KATAKANA,Anglais : coffee cup,14,nom,,,
tasse à thé,テイー カップ,tî-kappu,KATAKANA,Anglais : tea cup,14,nom,,,
soucoupe,ソーサー,sôsâ,KATAKANA,Anglais : saucer,14,nom,,,
fourchette,フオーク,fôku,KATAKANA,Anglais : fork,14,nom,,,
paille,ストロー,sutorô,KATAKANA,Anglais : straw,14,nom,,,
serviette,ナプキン,napukin,KATAKANA,Anglais : napkin,14,nom,,,
théière,テイー ポット,tî-potto,KATAKANA,Anglais : tea-pot,14,nom,,,
théière pour thé japonais,きゅうす,kyûsu,HIRAGANA,,14,nom,,,
cafetière,コーヒー ポット,kôhî-potto,KATAKANA,Anglais : coffee-pot,14,nom,,,
riz,こめ,kome,HIRAGANA,,14,nom,,,
hôtel,ホテル,hoteru,KATAKANA,Anglais : hotel,15,nom,,,
taxi,タクシー,takushî,KATAKANA,Anglais : taxi,15,nom,,,
autobus,バス,basu,KATAKANA,Anglais : bus,15,nom,,,
"arrêt, station",のりば,noriba,HIRAGANA,,15,nom,,,
cet endroit-ci,ここ,koko,HIRAGANA,,15,pronom,,,
cet endroit-la,そこ,soko,HIRAGANA,,15,pronom,,,
appartement,アパート,apâto,KATAKANA,Anglais : apartment,15,nom,,,
restaurant,レストラン,resutoran,KATAKANA,Anglais : restaurant,15,nom,,,
toilettes,トイレ,toire,KATAKANA,Anglais : toilet,15,nom,,,
gare,えき,eki,HIRAGANA,,15,nom,,,
banque,ぎんこう,ginkô,HIRAGANA,,15,nom,,,
bureau de poste,ゆうびんきょく,yûbinkyoku,HIRAGANA,,15,nom,,,
l'endroit là-bas,あそこ,asoko,HIRAGANA,,15,pronom,,,
"où, quel endroit",どこ,doko,HIRAGANA,,15,,,,
homme,ほとこ,hotoko,HIRAGANA,,15,nom,,,
femme,おんな,onna,HIRAGANA,,15,nom,,,
arrêt de bus,バス-てい,basu-tei,KATA-HIRA,,15,nom,,,
à destination de,-ゆき,-yuki,HIRAGANA,,15,,,,
alors,それじゃ,soreja,HIRAGANA,,15,,,,
grand magasin,デパート,depâto,KATAKANA,Anglais : department store,15,nom,,,
"devant, avant",まえ,mae,HIRAGANA,,15,,,,
"(j'ai) compris, entendu",わかりました,wakarimashita,HIRAGANA,,15,verbe,,,
"dire, enseigner",おしえる,oshieru,HIRAGANA,,15,verbe,,,
tout droit,まっすぐ,massugu,HIRAGANA,,15,,,,
droite,みぎ,migi,HIRAGANA,,15,nom,,,
gauche,ひだり,hidari,HIRAGANA,,15,nom,,,
en face,しょうめん,shômen,HIRAGANA,,15,,,,
station service,ガソリンスタンド,gasorin-sutando,KATAKANA,Anglais : gas stand,15,nom,,,
à côté,となり,tonari,HIRAGANA,,15,,,,
environ,ぐらい,gurai,HIRAGANA,,15,,,,
d'ici,ここ から,koko kara,HIRAGANA,,15,,,,
feu tricolore,しんごう,shingô,HIRAGANA,,15,nom,,,
tourner,まがる,magaru,HIRAGANA,,15,verbe,,,
intersection,こうさてん,kôsaten,HIRAGANA,,15,nom,,,
très (affirmatif),とても,totemo,HIRAGANA,,16,adverbe,,,
ravissant,すてき (な),suteki (na),HIRAGANA,,16,adjectif,,,
animé,にぎやか (な),nigiyaka (na),HIRAGANA,,16,adjectif,,,
Paris,パリ,Pari,KATAKANA,Français : Paris,16,nom,,,
Rome,ローマ,Rôma,KATAKANA,Italien : Roma,16,nom,,,
Londres,ロンドン,Rondon,KATAKANA,Anglais : London,16,nom,,,
vie (quotidienne),せいかつ,seikatsu,HIRAGANA,,16,nom,,,
voyage,りょこう,ryokô,HIRAGANA,,16,nom,,,
New-York,ニューヨーク,Nyûyôku,KATAKANA,Anglais : New York,16,nom,,,
libre (inoccupé),ひま (な),hima (na),HIRAGANA,,16,adjectif,,,
"confortable, agréable",かいてき (な),kaiteki (na),HIRAGANA,,16,adjectif,,,
"dur, pénible, grave",たいへん (な),taihen (na),HIRAGANA,,16,adjectif,,,
"imbécile, idiot, bête",ばか (な),baka (na),HIRAGANA,,16,adjectif,,,
la semaine prochaine,らいしゅう,raishû,HIRAGANA,,16,nom,,,
outre-mer,かいがい,kaigai,HIRAGANA,,16,nom,,,
voyage d'affaire,しゅっちょう,shuttchô,HIRAGANA,,16,nom,,,
aller à,え いきます,e ikimasu,HIRAGANA,,16,verbe,,,
Pékin,ぺきん,Pekin,HIRAGANA,,16,nom,,,
puis,それから,sorekara,HIRAGANA,,16,adverbe,,,
Hong-Kong,ほんこん,Honkon,HIRAGANA,,16,nom,,,
Singapour,シンガポール,Shingapôru,KATAKANA,,16,nom,,,
dur,ハード,hâdo,KATAKANA,Anglais : Hard,16,adjectif,,,
peu fatigant,らく,raku,HIRAGANA,,16,adjectif,,,
pour la première fois,はじめて,hajimete,HIRAGANA,,16,,,,
Chine,ちゅごく,Chugoku,HIRAGANA,,16,nom,,,
Corée du Sud,かんこく,Kankoku,HIRAGANA,,16,nom,,,
Taïwan,たいわん,Taiwan,HIRAGANA,,16,nom,,,
Viêt-nam,ベトナム,Betonamu,KATAKANA,,16,nom,,,
Indonésie,インドネシア,Indoneshia,KATAKANA,,16,nom,,,
Thaïlande,タイ,Tai,KATAKANA,,16,nom,,,
hélicoptère,ヘリコプター,herikoputâ,KATAKANA,Anglais : helicopter,17,nom,,,
vraiment,ほんとうに,hontôni,HIRAGANA,,17,adverbe,,,
dommage,ざんねん (な),zannen (na),HIRAGANA,,17,adjectif,,,
gentil,しんせつ (な),shinsetsu (na),HIRAGANA,,17,adjectif,,,
"avare, mesquin",けち (な),kechi (na),HIRAGANA,,17,adjectif,,,
sûr (sécurisé),あんぜん,anzen,HIRAGANA,,17,adjectif,,,
élégant,エレガント (な),ereganto (na),KATAKANA,Français : élégant,17,adjectif,,,
chic,シック (な),shikku (na),KATAKANA,Français : chic,17,adjectif,,,
inutile,むだ (な),muda (na),HIRAGANA,,17,adjectif,,,
économique,けいざいてき (な),keizaiteki (na),HIRAGANA,,17,adjectif,,,
effort,どりょく,doryoku ,HIRAGANA,,17,nom,,,
choisir,に します,ni shimasu,HIRAGANA,,17,verbe,,,
hier,きのう,kinô,HIRAGANA,,17,adverbe,,,
excusez-moi,すみません,sumimasen,HIRAGANA,,17,,,,
"assaisonnement, condiment",ちょうみりょう,chômiryô,HIRAGANA,,17,nom,,,
sel,しお,shio,HIRAGANA,,17,nom,,,
sucre,さとう,satô,HIRAGANA,,17,nom,,,
poivre,こしょう,koshô,HIRAGANA,,17,nom,,,
vinaigre,す,su,HIRAGANA,,17,nom,,,
moutarde,"からし , マスタード","karashi , masutâdo",KATA-HIRA,,17,nom,,,
sauce de soja,しょうゆ,shôyu,HIRAGANA,,17,nom,,,
sauce,ソース,sôsu,KATAKANA,Anglais : sauce,17,nom,,,
ketchup,ケチャップ,kechappu,KATAKANA,Anglais : ketchup,17,nom,,,
sauce mayonnaise,マヨネーズ,mayonêzu,KATAKANA,Anglais : mayonnnaise,17,nom,,,
stéréo,ステレオ,sutereo,KATAKANA,Anglais : stereo,18,nom,,,
télévision,テレビ,terebi,KATAKANA,Anglais : television,18,nom,,,
radio,ラジオ,rajio,KATAKANA,Anglais : radio,18,nom,,,
machine à coudre,ミシン,mishin,KATAKANA,Anglais : sewing machine,18,nom,,,
"canapé, divan",ソfアー,sofâ,KATAKANA,Anglais : sofa,18,nom,,,
lourd,おもい,omoi,HIRAGANA,,18,adjectif,,,
"neuf, nouveau",あたらしい,atarashii,HIRAGANA,,18,adjectif,,,
"vieux, ancien, démodé",ふるい,furui,HIRAGANA,,18,adjectif,,,
pâtisserie,ケーキ,kêki,KATAKANA,Anglais : cake,18,nom,,,
pain,パン,pan,KATAKANA,Portugais : pão,18,nom,,,
soupe,スープ,sûpu,KATAKANA,Anglais : soup,18,nom,,,
whisky,ウイスキー,uisukî,KATAKANA,Anglais : whisky,18,nom,,,
sucré,あまい,amai,HIRAGANA,,18,adjectif,,,
"epicé, piquant, salé",からい,karai,HIRAGANA,,18,adjectif,,,
fort,つよい,tsuyoi,HIRAGANA,,18,adjectif,,,
"très, tellement (négatif)",あまり,amari,HIRAGANA,,18,adverbe,,,
faire,します,shimasu,HIRAGANA,,18,verbe,,,
famille,かぞく,kazoku,HIRAGANA,,18,nom,,,
"en, avec",で,de,HIRAGANA,,18,,,,
station thermale,おんせん,onsen,HIRAGANA,,18,nom,,,
enfant,こども,kodomo,HIRAGANA,,18,nom,,,
soin,せわ,sewa,HIRAGANA,,18,nom,,,
"projet, plan",よてい,yotei,HIRAGANA,,18,nom,,,
avec,と,to,HIRAGANA,,18,,,,
Hawaï,ハワイ,Hawai,KATAKANA,,18,nom,,,
enviable,おらやましい,orayamashii,HIRAGANA,,18,adjectif,,,
grand-père,"そふ, おじい さん","sofu, o-jii-san",HIRAGANA,,18,nom,,,
grand-mère,"そぼ, おばあ さん","sobo, o-baa-san",HIRAGANA,,18,nom,,,
père,"ちち, おとう さん","chichi, o-tô-san",HIRAGANA,,18,nom,,,
mère,"はは, おかあ さん","haha, o-kâ-san",HIRAGANA,,18,nom,,,
grand frère ,"あに, おにい さん","ani, o-nii-san",HIRAGANA,,18,nom,,,
grande soeur,"あね, おねえ さん","ane, o-nee-san",HIRAGANA,,18,nom,,,
petit frère ,"おとうと, おとうと さん","otôto, otôto-san",HIRAGANA,,18,nom,,,
petite soeur,"いもうと, いもうと さん","imôto, imôto-san",HIRAGANA,,18,nom,,,
pique-nique,ピクニック,pikunikku,KATAKANA,,19,nom,,,
service,サービス,sâbisu,KATAKANA,,19,nom,,,
beurre,バター,batâ,KATAKANA,,19,nom,,,
confiture,ジャム,jamu,KATAKANA,,19,nom,,,
miel,はちみつ,hachimitsu,HIRAGANA,,19,nom,,,
film,えいが,eiga,HIRAGANA,,19,nom,,,
"amusant, joyeux",たのしい,tanoshii,HIRAGANA,,19,adjectif,,,
"excellent, superbe",すばらしい,subarashii,HIRAGANA,,19,adjectif,,,
orange,オレンジ,orenji,KATAKANA,,19,nom,,,
jus,ジュース,jûsu,KATAKANA,,19,nom,,,
jus d'orange,オレンジジュース,orenjijûsu,KATAKANA,,19,nom,,,
citron,レモン,remon,KATAKANA,,19,nom,,,
lait,ミルク,miruku,KATAKANA,,19,nom,,,
fromage,チーズ,chîzu,KATAKANA,,19,nom,,,
froid,つめたい,tsumetai,HIRAGANA,,19,adjectif,,,
chaud,あつい,atsui,HIRAGANA,,19,adjectif,,,
acide,すっぱい,suppai,HIRAGANA,,19,adjectif,,,
avoir été bien ,よかった,yokatta,HIRAGANA,,19,verbe,,,
ça fait longtemps que,ひさしぶり,hisashiburi,HIRAGANA,,19,,,,
congé,きゅうか,kyûka,HIRAGANA,,19,nom,,,
touriste,かんこうきゃく,kankôkyaku,HIRAGANA,,19,nom,,,
nombreux,おおい,ooi,HIRAGANA,,19,adjectif,,,
étonnant,びっくり,bikkuri,HIRAGANA,,19,adjectif,,,
s'être senti bien,きもち よかった,kimochi yokatta,HIRAGANA,,19,verbe,,,
mais ..,でも,demo,HIRAGANA,,19,,,,
conduite,うんてん,unten,HIRAGANA,,19,nom,,,
s'être fatigué,つかれました,tsukaremashita,HIRAGANA,,19,verbe,,,
voyager,りょこうする,ryokôsuru,HIRAGANA,,19,verbe,,,
vacances,バカンス,bakansu,KATAKANA,,19,nom,,,
partir en vacances,バカンス に いく,bakansu ni iku,KATA-HIRA,,19,,,,
prendre un congé,きゅうか お とる,kyûka o toru,HIRAGANA,,19,,,,
annuler la réservation,よやく お きゃんせるする,yoyaku o kyanserusuru,HIRAGANA,,19,,,,
prendre un taxi,タクシー に のる,takushî ni noru,KATA-HIRA,,19,,,,
descendre la prochaine station,つぎ の えき で おりる,tsugi no eki de oriru,HIRAGANA,,19,,,,
aéroport,くうこう,kûkô,HIRAGANA,,19,nom,,,
douane,ぜいかん,zeikan,HIRAGANA,,19,nom,,,
passeport,パスポート,pasupôto,KATAKANA,,19,nom,,,
visa,ビザ,biza,KATAKANA,,19,nom,,,
interprète,つうやく,tsûyaku,HIRAGANA,,19,nom,,,
"billet, ticket",きっぷ,kippu,HIRAGANA,,19,nom,,,
valise,スーツケース,sûtsukêsu,KATAKANA,,19,nom,,,
souvenir,みやげ,miyage,HIRAGANA,,19,nom,,,
place non fumeur,きねんせき,kin'enseki,HIRAGANA,,19,nom,,,
guitare,ギター,gitâ,KATAKANA,,20,nom,,,
groupe,グロープ,gurôpu,KATAKANA,,20,nom,,,
jeu,ゲーム,gêmu,KATAKANA,,20,nom,,,
saison,シーズン,shîzun,KATAKANA,,20,nom,,,
 zéro,ゼロ,zero,KATAKANA,,20,nom,,,
dessert,デザート,dezâto,KATAKANA,,20,nom,,,
table,テーブル,têburu,KATAKANA,,20,nom,,,
danse,ダンス,dansu,KATAKANA,,20,nom,,,
lit,ベッド,beddo,KATAKANA,,20,nom,,,
stylo à bille,ボールペン,bôrupen,KATAKANA,,20,nom,,,
boîte aux lettres,ポスト,posuto,KATAKANA,,20,nom,,,
fiancé,fイアンセ,fianse,KATAKANA,,20,nom,,,
ferry,fエリーボート,ferîbôto,KATAKANA,,20,nom,,,
thé au lait,ミルクtイー,mirukutî,KATAKANA,,20,nom,,,
discothèque,dイスコ,disuko,KATAKANA,,20,nom,,,